filepath,hour,minute,second,label
D:\OneDrive\文档\Yilin\Edinburgh\MSc project\codebase\Data\p2\user002 living art\20250311.pkl,21,0,10,2
D:\OneDrive\文档\Yilin\Edinburgh\MSc project\codebase\Data\p2\user002 living art\20250311.pkl,21,0,20,2
D:\OneDrive\文档\Yilin\Edinburgh\MSc project\codebase\Data\p2\user002 living art\20250311.pkl,21,0,30,2
D:\OneDrive\文档\Yilin\Edinburgh\MSc project\codebase\Data\p2\user002 living art\20250311.pkl,21,0,40,2
D:\OneDrive\文档\Yilin\Edinburgh\MSc project\codebase\Data\p2\user002 living art\20250311.pkl,21,0,50,2
D:\OneDrive\文档\Yilin\Edinburgh\MSc project\codebase\Data\p2\user002 living art\20250311.pkl,21,1,0,2
D:\OneDrive\文档\Yilin\Edinburgh\MSc project\codebase\Data\p2\user002 living art\20250311.pkl,21,1,10,2
D:\OneDrive\文档\Yilin\Edinburgh\MSc project\codebase\Data\p2\user002 living art\20250311.pkl,21,1,20,2
D:\OneDrive\文档\Yilin\Edinburgh\MSc project\codebase\Data\p2\user002 living art\20250311.pkl,21,1,30,2
D:\OneDrive\文档\Yilin\Edinburgh\MSc project\codebase\Data\p2\user002 living art\20250311.pkl,21,1,40,2
D:\OneDrive\文档\Yilin\Edinburgh\MSc project\codebase\Data\p2\user002 living art\20250311.pkl,21,1,50,2
D:\OneDrive\文档\Yilin\Edinburgh\MSc project\codebase\Data\p2\user002 living art\20250311.pkl,21,2,0,2
D:\OneDrive\文档\Yilin\Edinburgh\MSc project\codebase\Data\p2\user002 living art\20250311.pkl,21,2,10,2
D:\OneDrive\文档\Yilin\Edinburgh\MSc project\codebase\Data\p2\user002 living art\20250311.pkl,21,2,20,2
D:\OneDrive\文档\Yilin\Edinburgh\MSc project\codebase\Data\p2\user002 living art\20250311.pkl,21,2,30,2
D:\OneDrive\文档\Yilin\Edinburgh\MSc project\codebase\Data\p2\user002 living art\20250311.pkl,21,2,40,2
D:\OneDrive\文档\Yilin\Edinburgh\MSc project\codebase\Data\p2\user002 living art\20250311.pkl,21,2,50,2
D:\OneDrive\文档\Yilin\Edinburgh\MSc project\codebase\Data\p2\user002 living art\20250311.pkl,21,3,0,2
D:\OneDrive\文档\Yilin\Edinburgh\MSc project\codebase\Data\p2\user002 living art\20250311.pkl,21,3,10,2
D:\OneDrive\文档\Yilin\Edinburgh\MSc project\codebase\Data\p2\user002 living art\20250311.pkl,21,3,20,2
D:\OneDrive\文档\Yilin\Edinburgh\MSc project\codebase\Data\p2\user002 living art\20250311.pkl,21,3,30,2
D:\OneDrive\文档\Yilin\Edinburgh\MSc project\codebase\Data\p2\user002 living art\20250311.pkl,21,3,40,2
D:\OneDrive\文档\Yilin\Edinburgh\MSc project\codebase\Data\p2\user002 living art\20250311.pkl,21,3,50,2
D:\OneDrive\文档\Yilin\Edinburgh\MSc project\codebase\Data\p2\user002 living art\20250311.pkl,21,4,0,2
D:\OneDrive\文档\Yilin\Edinburgh\MSc project\codebase\Data\p2\user002 living art\20250311.pkl,21,4,10,2
D:\OneDrive\文档\Yilin\Edinburgh\MSc project\codebase\Data\p2\user002 living art\20250311.pkl,21,4,20,2
D:\OneDrive\文档\Yilin\Edinburgh\MSc project\codebase\Data\p2\user002 living art\20250311.pkl,21,4,30,2
D:\OneDrive\文档\Yilin\Edinburgh\MSc project\codebase\Data\p2\user002 living art\20250311.pkl,21,4,40,2
D:\OneDrive\文档\Yilin\Edinburgh\MSc project\codebase\Data\p2\user002 living art\20250311.pkl,21,4,50,2
D:\OneDrive\文档\Yilin\Edinburgh\MSc project\codebase\Data\p2\user002 living art\20250311.pkl,21,5,0,2
D:\OneDrive\文档\Yilin\Edinburgh\MSc project\codebase\Data\p2\user002 living art\20250311.pkl,21,5,10,2
D:\OneDrive\文档\Yilin\Edinburgh\MSc project\codebase\Data\p2\user002 living art\20250311.pkl,21,5,20,2
D:\OneDrive\文档\Yilin\Edinburgh\MSc project\codebase\Data\p2\user002 living art\20250311.pkl,21,5,30,2
D:\OneDrive\文档\Yilin\Edinburgh\MSc project\codebase\Data\p2\user002 living art\20250311.pkl,21,5,40,2
D:\OneDrive\文档\Yilin\Edinburgh\MSc project\codebase\Data\p2\user002 living art\20250311.pkl,21,5,50,2
D:\OneDrive\文档\Yilin\Edinburgh\MSc project\codebase\Data\p2\user002 living art\20250311.pkl,21,6,0,2
D:\OneDrive\文档\Yilin\Edinburgh\MSc project\codebase\Data\p2\user002 living art\20250311.pkl,21,6,10,2
D:\OneDrive\文档\Yilin\Edinburgh\MSc project\codebase\Data\p2\user002 living art\20250311.pkl,21,6,20,2
D:\OneDrive\文档\Yilin\Edinburgh\MSc project\codebase\Data\p2\user002 living art\20250311.pkl,21,6,30,3
D:\OneDrive\文档\Yilin\Edinburgh\MSc project\codebase\Data\p2\user002 living art\20250311.pkl,21,6,40,2
D:\OneDrive\文档\Yilin\Edinburgh\MSc project\codebase\Data\p2\user002 living art\20250311.pkl,21,6,50,2
D:\OneDrive\文档\Yilin\Edinburgh\MSc project\codebase\Data\p2\user002 living art\20250311.pkl,21,7,0,2
D:\OneDrive\文档\Yilin\Edinburgh\MSc project\codebase\Data\p2\user002 living art\20250311.pkl,21,7,10,2
D:\OneDrive\文档\Yilin\Edinburgh\MSc project\codebase\Data\p2\user002 living art\20250311.pkl,21,7,20,2
D:\OneDrive\文档\Yilin\Edinburgh\MSc project\codebase\Data\p2\user002 living art\20250311.pkl,21,7,30,2
D:\OneDrive\文档\Yilin\Edinburgh\MSc project\codebase\Data\p2\user002 living art\20250311.pkl,21,7,40,2
D:\OneDrive\文档\Yilin\Edinburgh\MSc project\codebase\Data\p2\user002 living art\20250311.pkl,21,7,50,2
D:\OneDrive\文档\Yilin\Edinburgh\MSc project\codebase\Data\p2\user002 living art\20250311.pkl,21,8,0,2
D:\OneDrive\文档\Yilin\Edinburgh\MSc project\codebase\Data\p2\user002 living art\20250311.pkl,21,8,10,2
D:\OneDrive\文档\Yilin\Edinburgh\MSc project\codebase\Data\p2\user002 living art\20250311.pkl,21,8,20,2
D:\OneDrive\文档\Yilin\Edinburgh\MSc project\codebase\Data\p2\user002 living art\20250311.pkl,21,8,30,2
D:\OneDrive\文档\Yilin\Edinburgh\MSc project\codebase\Data\p2\user002 living art\20250311.pkl,21,8,40,2
D:\OneDrive\文档\Yilin\Edinburgh\MSc project\codebase\Data\p2\user002 living art\20250311.pkl,21,8,50,2
D:\OneDrive\文档\Yilin\Edinburgh\MSc project\codebase\Data\p2\user002 living art\20250311.pkl,21,9,0,3
D:\OneDrive\文档\Yilin\Edinburgh\MSc project\codebase\Data\p2\user002 living art\20250311.pkl,21,9,10,2
D:\OneDrive\文档\Yilin\Edinburgh\MSc project\codebase\Data\p2\user002 living art\20250311.pkl,21,9,20,2
D:\OneDrive\文档\Yilin\Edinburgh\MSc project\codebase\Data\p2\user002 living art\20250311.pkl,21,9,30,2
D:\OneDrive\文档\Yilin\Edinburgh\MSc project\codebase\Data\p2\user002 living art\20250311.pkl,21,9,40,2
D:\OneDrive\文档\Yilin\Edinburgh\MSc project\codebase\Data\p2\user002 living art\20250311.pkl,21,9,50,2
D:\OneDrive\文档\Yilin\Edinburgh\MSc project\codebase\Data\p2\user002 living art\20250311.pkl,21,10,0,2
D:\OneDrive\文档\Yilin\Edinburgh\MSc project\codebase\Data\p2\user002 living art\20250311.pkl,21,10,10,2
D:\OneDrive\文档\Yilin\Edinburgh\MSc project\codebase\Data\p2\user002 living art\20250311.pkl,21,10,20,2
D:\OneDrive\文档\Yilin\Edinburgh\MSc project\codebase\Data\p2\user002 living art\20250311.pkl,21,10,30,2
D:\OneDrive\文档\Yilin\Edinburgh\MSc project\codebase\Data\p2\user002 living art\20250311.pkl,21,10,40,2
D:\OneDrive\文档\Yilin\Edinburgh\MSc project\codebase\Data\p2\user002 living art\20250311.pkl,21,10,50,2
D:\OneDrive\文档\Yilin\Edinburgh\MSc project\codebase\Data\p2\user002 living art\20250311.pkl,21,11,0,2
D:\OneDrive\文档\Yilin\Edinburgh\MSc project\codebase\Data\p2\user002 living art\20250311.pkl,21,11,10,2
D:\OneDrive\文档\Yilin\Edinburgh\MSc project\codebase\Data\p2\user002 living art\20250311.pkl,21,11,20,2
D:\OneDrive\文档\Yilin\Edinburgh\MSc project\codebase\Data\p2\user002 living art\20250311.pkl,21,11,30,2
D:\OneDrive\文档\Yilin\Edinburgh\MSc project\codebase\Data\p2\user002 living art\20250311.pkl,21,11,40,2
D:\OneDrive\文档\Yilin\Edinburgh\MSc project\codebase\Data\p2\user002 living art\20250311.pkl,21,11,50,2
D:\OneDrive\文档\Yilin\Edinburgh\MSc project\codebase\Data\p2\user002 living art\20250311.pkl,21,12,0,2
D:\OneDrive\文档\Yilin\Edinburgh\MSc project\codebase\Data\p2\user002 living art\20250311.pkl,21,12,10,2
D:\OneDrive\文档\Yilin\Edinburgh\MSc project\codebase\Data\p2\user002 living art\20250311.pkl,21,12,20,2
D:\OneDrive\文档\Yilin\Edinburgh\MSc project\codebase\Data\p2\user002 living art\20250311.pkl,21,12,30,2
D:\OneDrive\文档\Yilin\Edinburgh\MSc project\codebase\Data\p2\user002 living art\20250311.pkl,21,12,40,2
D:\OneDrive\文档\Yilin\Edinburgh\MSc project\codebase\Data\p2\user002 living art\20250311.pkl,21,12,50,2
D:\OneDrive\文档\Yilin\Edinburgh\MSc project\codebase\Data\p2\user002 living art\20250311.pkl,21,13,0,2
D:\OneDrive\文档\Yilin\Edinburgh\MSc project\codebase\Data\p2\user002 living art\20250311.pkl,21,13,10,2
D:\OneDrive\文档\Yilin\Edinburgh\MSc project\codebase\Data\p2\user002 living art\20250311.pkl,21,13,20,2
D:\OneDrive\文档\Yilin\Edinburgh\MSc project\codebase\Data\p2\user002 living art\20250311.pkl,21,13,30,2
D:\OneDrive\文档\Yilin\Edinburgh\MSc project\codebase\Data\p2\user002 living art\20250311.pkl,21,13,40,2
D:\OneDrive\文档\Yilin\Edinburgh\MSc project\codebase\Data\p2\user002 living art\20250311.pkl,21,13,50,2
D:\OneDrive\文档\Yilin\Edinburgh\MSc project\codebase\Data\p2\user002 living art\20250311.pkl,21,14,0,2
D:\OneDrive\文档\Yilin\Edinburgh\MSc project\codebase\Data\p2\user002 living art\20250311.pkl,21,14,10,2
D:\OneDrive\文档\Yilin\Edinburgh\MSc project\codebase\Data\p2\user002 living art\20250311.pkl,21,14,20,2
D:\OneDrive\文档\Yilin\Edinburgh\MSc project\codebase\Data\p2\user002 living art\20250311.pkl,21,14,30,2
D:\OneDrive\文档\Yilin\Edinburgh\MSc project\codebase\Data\p2\user002 living art\20250311.pkl,21,14,40,2
D:\OneDrive\文档\Yilin\Edinburgh\MSc project\codebase\Data\p2\user002 living art\20250311.pkl,21,14,50,3
D:\OneDrive\文档\Yilin\Edinburgh\MSc project\codebase\Data\p2\user002 living art\20250311.pkl,21,15,0,3
D:\OneDrive\文档\Yilin\Edinburgh\MSc project\codebase\Data\p2\user002 living art\20250311.pkl,21,15,10,3
D:\OneDrive\文档\Yilin\Edinburgh\MSc project\codebase\Data\p2\user002 living art\20250311.pkl,21,15,20,2
D:\OneDrive\文档\Yilin\Edinburgh\MSc project\codebase\Data\p2\user002 living art\20250311.pkl,21,15,30,2
D:\OneDrive\文档\Yilin\Edinburgh\MSc project\codebase\Data\p2\user002 living art\20250311.pkl,21,15,40,2
D:\OneDrive\文档\Yilin\Edinburgh\MSc project\codebase\Data\p2\user002 living art\20250311.pkl,21,15,50,2
D:\OneDrive\文档\Yilin\Edinburgh\MSc project\codebase\Data\p2\user002 living art\20250311.pkl,21,16,0,2
D:\OneDrive\文档\Yilin\Edinburgh\MSc project\codebase\Data\p2\user002 living art\20250311.pkl,21,16,10,2
D:\OneDrive\文档\Yilin\Edinburgh\MSc project\codebase\Data\p2\user002 living art\20250311.pkl,21,16,20,2
D:\OneDrive\文档\Yilin\Edinburgh\MSc project\codebase\Data\p2\user002 living art\20250311.pkl,21,16,30,3
D:\OneDrive\文档\Yilin\Edinburgh\MSc project\codebase\Data\p2\user002 living art\20250311.pkl,21,16,40,2
D:\OneDrive\文档\Yilin\Edinburgh\MSc project\codebase\Data\p2\user002 living art\20250311.pkl,21,16,50,2
D:\OneDrive\文档\Yilin\Edinburgh\MSc project\codebase\Data\p2\user002 living art\20250311.pkl,21,17,0,2
D:\OneDrive\文档\Yilin\Edinburgh\MSc project\codebase\Data\p2\user002 living art\20250311.pkl,21,17,10,2
D:\OneDrive\文档\Yilin\Edinburgh\MSc project\codebase\Data\p2\user002 living art\20250311.pkl,21,17,20,2
D:\OneDrive\文档\Yilin\Edinburgh\MSc project\codebase\Data\p2\user002 living art\20250311.pkl,21,17,30,2
D:\OneDrive\文档\Yilin\Edinburgh\MSc project\codebase\Data\p2\user002 living art\20250311.pkl,21,17,40,2
D:\OneDrive\文档\Yilin\Edinburgh\MSc project\codebase\Data\p2\user002 living art\20250311.pkl,21,17,50,2
D:\OneDrive\文档\Yilin\Edinburgh\MSc project\codebase\Data\p2\user002 living art\20250311.pkl,21,18,0,2
D:\OneDrive\文档\Yilin\Edinburgh\MSc project\codebase\Data\p2\user002 living art\20250311.pkl,21,18,10,3
D:\OneDrive\文档\Yilin\Edinburgh\MSc project\codebase\Data\p2\user002 living art\20250311.pkl,21,18,20,2
D:\OneDrive\文档\Yilin\Edinburgh\MSc project\codebase\Data\p2\user002 living art\20250311.pkl,21,18,30,3
D:\OneDrive\文档\Yilin\Edinburgh\MSc project\codebase\Data\p2\user002 living art\20250311.pkl,21,18,40,3
D:\OneDrive\文档\Yilin\Edinburgh\MSc project\codebase\Data\p2\user002 living art\20250311.pkl,21,18,50,2
D:\OneDrive\文档\Yilin\Edinburgh\MSc project\codebase\Data\p2\user002 living art\20250311.pkl,21,19,0,2
D:\OneDrive\文档\Yilin\Edinburgh\MSc project\codebase\Data\p2\user002 living art\20250311.pkl,21,19,10,2
D:\OneDrive\文档\Yilin\Edinburgh\MSc project\codebase\Data\p2\user002 living art\20250311.pkl,21,19,20,2
D:\OneDrive\文档\Yilin\Edinburgh\MSc project\codebase\Data\p2\user002 living art\20250311.pkl,21,19,30,2
D:\OneDrive\文档\Yilin\Edinburgh\MSc project\codebase\Data\p2\user002 living art\20250311.pkl,21,19,40,2
D:\OneDrive\文档\Yilin\Edinburgh\MSc project\codebase\Data\p2\user002 living art\20250311.pkl,21,19,50,2
D:\OneDrive\文档\Yilin\Edinburgh\MSc project\codebase\Data\p2\user002 living art\20250311.pkl,21,20,0,2
D:\OneDrive\文档\Yilin\Edinburgh\MSc project\codebase\Data\p2\user002 living art\20250311.pkl,21,20,10,2
D:\OneDrive\文档\Yilin\Edinburgh\MSc project\codebase\Data\p2\user002 living art\20250311.pkl,21,20,20,2
D:\OneDrive\文档\Yilin\Edinburgh\MSc project\codebase\Data\p2\user002 living art\20250311.pkl,21,20,30,2
D:\OneDrive\文档\Yilin\Edinburgh\MSc project\codebase\Data\p2\user002 living art\20250311.pkl,21,20,40,2
D:\OneDrive\文档\Yilin\Edinburgh\MSc project\codebase\Data\p2\user002 living art\20250311.pkl,21,20,50,2
D:\OneDrive\文档\Yilin\Edinburgh\MSc project\codebase\Data\p2\user002 living art\20250311.pkl,21,21,0,3
D:\OneDrive\文档\Yilin\Edinburgh\MSc project\codebase\Data\p2\user002 living art\20250311.pkl,21,21,10,2
D:\OneDrive\文档\Yilin\Edinburgh\MSc project\codebase\Data\p2\user002 living art\20250311.pkl,21,21,20,2
D:\OneDrive\文档\Yilin\Edinburgh\MSc project\codebase\Data\p2\user002 living art\20250311.pkl,21,21,30,2
D:\OneDrive\文档\Yilin\Edinburgh\MSc project\codebase\Data\p2\user002 living art\20250311.pkl,21,21,40,2
D:\OneDrive\文档\Yilin\Edinburgh\MSc project\codebase\Data\p2\user002 living art\20250311.pkl,21,21,50,2
D:\OneDrive\文档\Yilin\Edinburgh\MSc project\codebase\Data\p2\user002 living art\20250311.pkl,21,22,0,2
D:\OneDrive\文档\Yilin\Edinburgh\MSc project\codebase\Data\p2\user002 living art\20250311.pkl,21,22,10,2
D:\OneDrive\文档\Yilin\Edinburgh\MSc project\codebase\Data\p2\user002 living art\20250311.pkl,21,22,20,2
D:\OneDrive\文档\Yilin\Edinburgh\MSc project\codebase\Data\p2\user002 living art\20250311.pkl,21,22,30,2
D:\OneDrive\文档\Yilin\Edinburgh\MSc project\codebase\Data\p2\user002 living art\20250311.pkl,21,22,40,2
D:\OneDrive\文档\Yilin\Edinburgh\MSc project\codebase\Data\p2\user002 living art\20250311.pkl,21,22,50,2
D:\OneDrive\文档\Yilin\Edinburgh\MSc project\codebase\Data\p2\user002 living art\20250311.pkl,21,23,0,2
D:\OneDrive\文档\Yilin\Edinburgh\MSc project\codebase\Data\p2\user002 living art\20250311.pkl,21,23,10,2
D:\OneDrive\文档\Yilin\Edinburgh\MSc project\codebase\Data\p2\user002 living art\20250311.pkl,21,23,20,2
D:\OneDrive\文档\Yilin\Edinburgh\MSc project\codebase\Data\p2\user002 living art\20250311.pkl,21,23,30,2
D:\OneDrive\文档\Yilin\Edinburgh\MSc project\codebase\Data\p2\user002 living art\20250311.pkl,21,23,40,2
D:\OneDrive\文档\Yilin\Edinburgh\MSc project\codebase\Data\p2\user002 living art\20250311.pkl,21,23,50,2
D:\OneDrive\文档\Yilin\Edinburgh\MSc project\codebase\Data\p2\user002 living art\20250311.pkl,21,24,0,2
D:\OneDrive\文档\Yilin\Edinburgh\MSc project\codebase\Data\p2\user002 living art\20250311.pkl,21,24,10,2
D:\OneDrive\文档\Yilin\Edinburgh\MSc project\codebase\Data\p2\user002 living art\20250311.pkl,21,24,20,2
D:\OneDrive\文档\Yilin\Edinburgh\MSc project\codebase\Data\p2\user002 living art\20250311.pkl,21,24,30,2
D:\OneDrive\文档\Yilin\Edinburgh\MSc project\codebase\Data\p2\user002 living art\20250311.pkl,21,24,40,2
D:\OneDrive\文档\Yilin\Edinburgh\MSc project\codebase\Data\p2\user002 living art\20250311.pkl,21,24,50,2
D:\OneDrive\文档\Yilin\Edinburgh\MSc project\codebase\Data\p2\user002 living art\20250311.pkl,21,25,0,2
D:\OneDrive\文档\Yilin\Edinburgh\MSc project\codebase\Data\p2\user002 living art\20250311.pkl,21,25,10,2
D:\OneDrive\文档\Yilin\Edinburgh\MSc project\codebase\Data\p2\user002 living art\20250311.pkl,21,25,20,2
D:\OneDrive\文档\Yilin\Edinburgh\MSc project\codebase\Data\p2\user002 living art\20250311.pkl,21,25,30,2
D:\OneDrive\文档\Yilin\Edinburgh\MSc project\codebase\Data\p2\user002 living art\20250311.pkl,21,25,40,2
D:\OneDrive\文档\Yilin\Edinburgh\MSc project\codebase\Data\p2\user002 living art\20250311.pkl,21,25,50,2
D:\OneDrive\文档\Yilin\Edinburgh\MSc project\codebase\Data\p2\user002 living art\20250311.pkl,21,26,0,2
D:\OneDrive\文档\Yilin\Edinburgh\MSc project\codebase\Data\p2\user002 living art\20250311.pkl,21,26,10,2
D:\OneDrive\文档\Yilin\Edinburgh\MSc project\codebase\Data\p2\user002 living art\20250311.pkl,21,26,20,2
D:\OneDrive\文档\Yilin\Edinburgh\MSc project\codebase\Data\p2\user002 living art\20250311.pkl,21,26,30,2
D:\OneDrive\文档\Yilin\Edinburgh\MSc project\codebase\Data\p2\user002 living art\20250311.pkl,21,26,40,2
D:\OneDrive\文档\Yilin\Edinburgh\MSc project\codebase\Data\p2\user002 living art\20250311.pkl,21,26,50,2
D:\OneDrive\文档\Yilin\Edinburgh\MSc project\codebase\Data\p2\user002 living art\20250311.pkl,21,27,0,2
D:\OneDrive\文档\Yilin\Edinburgh\MSc project\codebase\Data\p2\user002 living art\20250311.pkl,21,27,10,2
D:\OneDrive\文档\Yilin\Edinburgh\MSc project\codebase\Data\p2\user002 living art\20250311.pkl,21,27,20,2
D:\OneDrive\文档\Yilin\Edinburgh\MSc project\codebase\Data\p2\user002 living art\20250311.pkl,21,27,30,2
D:\OneDrive\文档\Yilin\Edinburgh\MSc project\codebase\Data\p2\user002 living art\20250311.pkl,21,27,40,2
D:\OneDrive\文档\Yilin\Edinburgh\MSc project\codebase\Data\p2\user002 living art\20250311.pkl,21,27,50,2
D:\OneDrive\文档\Yilin\Edinburgh\MSc project\codebase\Data\p2\user002 living art\20250311.pkl,21,28,0,2
D:\OneDrive\文档\Yilin\Edinburgh\MSc project\codebase\Data\p2\user002 living art\20250311.pkl,21,28,10,2
D:\OneDrive\文档\Yilin\Edinburgh\MSc project\codebase\Data\p2\user002 living art\20250311.pkl,21,28,20,2
D:\OneDrive\文档\Yilin\Edinburgh\MSc project\codebase\Data\p2\user002 living art\20250311.pkl,21,28,30,2
D:\OneDrive\文档\Yilin\Edinburgh\MSc project\codebase\Data\p2\user002 living art\20250311.pkl,21,28,40,2
D:\OneDrive\文档\Yilin\Edinburgh\MSc project\codebase\Data\p2\user002 living art\20250311.pkl,21,28,50,2
D:\OneDrive\文档\Yilin\Edinburgh\MSc project\codebase\Data\p2\user002 living art\20250311.pkl,21,29,0,2
D:\OneDrive\文档\Yilin\Edinburgh\MSc project\codebase\Data\p2\user002 living art\20250311.pkl,21,29,10,2
D:\OneDrive\文档\Yilin\Edinburgh\MSc project\codebase\Data\p2\user002 living art\20250311.pkl,21,29,20,2
D:\OneDrive\文档\Yilin\Edinburgh\MSc project\codebase\Data\p2\user002 living art\20250311.pkl,21,29,30,2
D:\OneDrive\文档\Yilin\Edinburgh\MSc project\codebase\Data\p2\user002 living art\20250311.pkl,21,29,40,2
D:\OneDrive\文档\Yilin\Edinburgh\MSc project\codebase\Data\p2\user002 living art\20250311.pkl,21,29,50,2
D:\OneDrive\文档\Yilin\Edinburgh\MSc project\codebase\Data\p2\user002 living art\20250311.pkl,21,30,0,2
D:\OneDrive\文档\Yilin\Edinburgh\MSc project\codebase\Data\p2\user002 living art\20250311.pkl,21,30,10,2
D:\OneDrive\文档\Yilin\Edinburgh\MSc project\codebase\Data\p2\user002 living art\20250311.pkl,21,30,20,2
D:\OneDrive\文档\Yilin\Edinburgh\MSc project\codebase\Data\p2\user002 living art\20250311.pkl,21,30,30,2
D:\OneDrive\文档\Yilin\Edinburgh\MSc project\codebase\Data\p2\user002 living art\20250311.pkl,21,30,40,2
D:\OneDrive\文档\Yilin\Edinburgh\MSc project\codebase\Data\p2\user002 living art\20250311.pkl,21,30,50,2
D:\OneDrive\文档\Yilin\Edinburgh\MSc project\codebase\Data\p2\user002 living art\20250311.pkl,21,31,0,2
D:\OneDrive\文档\Yilin\Edinburgh\MSc project\codebase\Data\p2\user002 living art\20250311.pkl,21,31,10,2
D:\OneDrive\文档\Yilin\Edinburgh\MSc project\codebase\Data\p2\user002 living art\20250311.pkl,21,31,20,2
D:\OneDrive\文档\Yilin\Edinburgh\MSc project\codebase\Data\p2\user002 living art\20250311.pkl,21,31,30,2
D:\OneDrive\文档\Yilin\Edinburgh\MSc project\codebase\Data\p2\user002 living art\20250311.pkl,21,31,40,2
D:\OneDrive\文档\Yilin\Edinburgh\MSc project\codebase\Data\p2\user002 living art\20250311.pkl,21,31,50,2
D:\OneDrive\文档\Yilin\Edinburgh\MSc project\codebase\Data\p2\user002 living art\20250311.pkl,21,32,0,2
D:\OneDrive\文档\Yilin\Edinburgh\MSc project\codebase\Data\p2\user002 living art\20250311.pkl,21,32,10,2
D:\OneDrive\文档\Yilin\Edinburgh\MSc project\codebase\Data\p2\user002 living art\20250311.pkl,21,32,20,2
D:\OneDrive\文档\Yilin\Edinburgh\MSc project\codebase\Data\p2\user002 living art\20250311.pkl,21,32,30,2
D:\OneDrive\文档\Yilin\Edinburgh\MSc project\codebase\Data\p2\user002 living art\20250311.pkl,21,32,40,2
D:\OneDrive\文档\Yilin\Edinburgh\MSc project\codebase\Data\p2\user002 living art\20250311.pkl,21,32,50,2
D:\OneDrive\文档\Yilin\Edinburgh\MSc project\codebase\Data\p2\user002 living art\20250311.pkl,21,33,0,2
D:\OneDrive\文档\Yilin\Edinburgh\MSc project\codebase\Data\p2\user002 living art\20250311.pkl,21,33,10,2
D:\OneDrive\文档\Yilin\Edinburgh\MSc project\codebase\Data\p2\user002 living art\20250311.pkl,21,33,20,2
D:\OneDrive\文档\Yilin\Edinburgh\MSc project\codebase\Data\p2\user002 living art\20250311.pkl,21,33,30,2
D:\OneDrive\文档\Yilin\Edinburgh\MSc project\codebase\Data\p2\user002 living art\20250311.pkl,21,33,40,2
D:\OneDrive\文档\Yilin\Edinburgh\MSc project\codebase\Data\p2\user002 living art\20250311.pkl,21,33,50,2
D:\OneDrive\文档\Yilin\Edinburgh\MSc project\codebase\Data\p2\user002 living art\20250311.pkl,21,34,0,2
D:\OneDrive\文档\Yilin\Edinburgh\MSc project\codebase\Data\p2\user002 living art\20250311.pkl,21,34,10,2
D:\OneDrive\文档\Yilin\Edinburgh\MSc project\codebase\Data\p2\user002 living art\20250311.pkl,21,34,20,2
D:\OneDrive\文档\Yilin\Edinburgh\MSc project\codebase\Data\p2\user002 living art\20250311.pkl,21,34,30,2
D:\OneDrive\文档\Yilin\Edinburgh\MSc project\codebase\Data\p2\user002 living art\20250311.pkl,21,34,40,2
D:\OneDrive\文档\Yilin\Edinburgh\MSc project\codebase\Data\p2\user002 living art\20250311.pkl,21,34,50,2
D:\OneDrive\文档\Yilin\Edinburgh\MSc project\codebase\Data\p2\user002 living art\20250311.pkl,21,35,0,2
D:\OneDrive\文档\Yilin\Edinburgh\MSc project\codebase\Data\p2\user002 living art\20250311.pkl,21,35,10,2
D:\OneDrive\文档\Yilin\Edinburgh\MSc project\codebase\Data\p2\user002 living art\20250311.pkl,21,35,20,2
D:\OneDrive\文档\Yilin\Edinburgh\MSc project\codebase\Data\p2\user002 living art\20250311.pkl,21,35,30,2
D:\OneDrive\文档\Yilin\Edinburgh\MSc project\codebase\Data\p2\user002 living art\20250311.pkl,21,35,40,2
D:\OneDrive\文档\Yilin\Edinburgh\MSc project\codebase\Data\p2\user002 living art\20250311.pkl,21,35,50,2
D:\OneDrive\文档\Yilin\Edinburgh\MSc project\codebase\Data\p2\user002 living art\20250311.pkl,21,36,0,2
D:\OneDrive\文档\Yilin\Edinburgh\MSc project\codebase\Data\p2\user002 living art\20250311.pkl,21,36,10,2
D:\OneDrive\文档\Yilin\Edinburgh\MSc project\codebase\Data\p2\user002 living art\20250311.pkl,21,36,20,2
D:\OneDrive\文档\Yilin\Edinburgh\MSc project\codebase\Data\p2\user002 living art\20250311.pkl,21,36,30,2
D:\OneDrive\文档\Yilin\Edinburgh\MSc project\codebase\Data\p2\user002 living art\20250311.pkl,21,36,40,2
D:\OneDrive\文档\Yilin\Edinburgh\MSc project\codebase\Data\p2\user002 living art\20250311.pkl,21,36,50,2
D:\OneDrive\文档\Yilin\Edinburgh\MSc project\codebase\Data\p2\user002 living art\20250311.pkl,21,37,0,2
D:\OneDrive\文档\Yilin\Edinburgh\MSc project\codebase\Data\p2\user002 living art\20250311.pkl,21,37,10,2
D:\OneDrive\文档\Yilin\Edinburgh\MSc project\codebase\Data\p2\user002 living art\20250311.pkl,21,37,20,2
D:\OneDrive\文档\Yilin\Edinburgh\MSc project\codebase\Data\p2\user002 living art\20250311.pkl,21,37,30,2
D:\OneDrive\文档\Yilin\Edinburgh\MSc project\codebase\Data\p2\user002 living art\20250311.pkl,21,37,40,2
D:\OneDrive\文档\Yilin\Edinburgh\MSc project\codebase\Data\p2\user002 living art\20250311.pkl,21,37,50,2
D:\OneDrive\文档\Yilin\Edinburgh\MSc project\codebase\Data\p2\user002 living art\20250311.pkl,21,38,0,2
D:\OneDrive\文档\Yilin\Edinburgh\MSc project\codebase\Data\p2\user002 living art\20250311.pkl,21,38,10,2
D:\OneDrive\文档\Yilin\Edinburgh\MSc project\codebase\Data\p2\user002 living art\20250311.pkl,21,38,20,2
D:\OneDrive\文档\Yilin\Edinburgh\MSc project\codebase\Data\p2\user002 living art\20250311.pkl,21,38,30,2
D:\OneDrive\文档\Yilin\Edinburgh\MSc project\codebase\Data\p2\user002 living art\20250311.pkl,21,38,40,2
D:\OneDrive\文档\Yilin\Edinburgh\MSc project\codebase\Data\p2\user002 living art\20250311.pkl,21,38,50,2
D:\OneDrive\文档\Yilin\Edinburgh\MSc project\codebase\Data\p2\user002 living art\20250311.pkl,21,39,0,2
D:\OneDrive\文档\Yilin\Edinburgh\MSc project\codebase\Data\p2\user002 living art\20250311.pkl,21,39,10,2
D:\OneDrive\文档\Yilin\Edinburgh\MSc project\codebase\Data\p2\user002 living art\20250311.pkl,21,39,20,2
D:\OneDrive\文档\Yilin\Edinburgh\MSc project\codebase\Data\p2\user002 living art\20250311.pkl,21,39,30,2
D:\OneDrive\文档\Yilin\Edinburgh\MSc project\codebase\Data\p2\user002 living art\20250311.pkl,21,39,40,2
D:\OneDrive\文档\Yilin\Edinburgh\MSc project\codebase\Data\p2\user002 living art\20250311.pkl,21,39,50,2
D:\OneDrive\文档\Yilin\Edinburgh\MSc project\codebase\Data\p2\user002 living art\20250311.pkl,21,40,0,2
D:\OneDrive\文档\Yilin\Edinburgh\MSc project\codebase\Data\p2\user002 living art\20250311.pkl,21,40,10,2
D:\OneDrive\文档\Yilin\Edinburgh\MSc project\codebase\Data\p2\user002 living art\20250311.pkl,21,40,20,2
D:\OneDrive\文档\Yilin\Edinburgh\MSc project\codebase\Data\p2\user002 living art\20250311.pkl,21,40,30,2
D:\OneDrive\文档\Yilin\Edinburgh\MSc project\codebase\Data\p2\user002 living art\20250311.pkl,21,40,40,2
D:\OneDrive\文档\Yilin\Edinburgh\MSc project\codebase\Data\p2\user002 living art\20250311.pkl,21,40,50,2
D:\OneDrive\文档\Yilin\Edinburgh\MSc project\codebase\Data\p2\user002 living art\20250311.pkl,21,41,0,2
D:\OneDrive\文档\Yilin\Edinburgh\MSc project\codebase\Data\p2\user002 living art\20250311.pkl,21,41,10,2
D:\OneDrive\文档\Yilin\Edinburgh\MSc project\codebase\Data\p2\user002 living art\20250311.pkl,21,41,20,2
D:\OneDrive\文档\Yilin\Edinburgh\MSc project\codebase\Data\p2\user002 living art\20250311.pkl,21,41,30,2
D:\OneDrive\文档\Yilin\Edinburgh\MSc project\codebase\Data\p2\user002 living art\20250311.pkl,21,41,40,2
D:\OneDrive\文档\Yilin\Edinburgh\MSc project\codebase\Data\p2\user002 living art\20250311.pkl,21,41,50,2
D:\OneDrive\文档\Yilin\Edinburgh\MSc project\codebase\Data\p2\user002 living art\20250311.pkl,21,42,0,2
D:\OneDrive\文档\Yilin\Edinburgh\MSc project\codebase\Data\p2\user002 living art\20250311.pkl,21,42,10,2
D:\OneDrive\文档\Yilin\Edinburgh\MSc project\codebase\Data\p2\user002 living art\20250311.pkl,21,42,20,2
D:\OneDrive\文档\Yilin\Edinburgh\MSc project\codebase\Data\p2\user002 living art\20250311.pkl,21,42,30,2
D:\OneDrive\文档\Yilin\Edinburgh\MSc project\codebase\Data\p2\user002 living art\20250311.pkl,21,42,40,2
D:\OneDrive\文档\Yilin\Edinburgh\MSc project\codebase\Data\p2\user002 living art\20250311.pkl,21,42,50,2
D:\OneDrive\文档\Yilin\Edinburgh\MSc project\codebase\Data\p2\user002 living art\20250311.pkl,21,43,0,2
D:\OneDrive\文档\Yilin\Edinburgh\MSc project\codebase\Data\p2\user002 living art\20250311.pkl,21,43,10,2
D:\OneDrive\文档\Yilin\Edinburgh\MSc project\codebase\Data\p2\user002 living art\20250311.pkl,21,43,20,2
D:\OneDrive\文档\Yilin\Edinburgh\MSc project\codebase\Data\p2\user002 living art\20250311.pkl,21,43,30,2
D:\OneDrive\文档\Yilin\Edinburgh\MSc project\codebase\Data\p2\user002 living art\20250311.pkl,21,43,40,2
D:\OneDrive\文档\Yilin\Edinburgh\MSc project\codebase\Data\p2\user002 living art\20250311.pkl,21,43,50,2
D:\OneDrive\文档\Yilin\Edinburgh\MSc project\codebase\Data\p2\user002 living art\20250311.pkl,21,44,0,2
D:\OneDrive\文档\Yilin\Edinburgh\MSc project\codebase\Data\p2\user002 living art\20250311.pkl,21,44,10,2
D:\OneDrive\文档\Yilin\Edinburgh\MSc project\codebase\Data\p2\user002 living art\20250311.pkl,21,44,20,2
D:\OneDrive\文档\Yilin\Edinburgh\MSc project\codebase\Data\p2\user002 living art\20250311.pkl,21,44,30,2
D:\OneDrive\文档\Yilin\Edinburgh\MSc project\codebase\Data\p2\user002 living art\20250311.pkl,21,44,40,2
D:\OneDrive\文档\Yilin\Edinburgh\MSc project\codebase\Data\p2\user002 living art\20250311.pkl,21,44,50,2
D:\OneDrive\文档\Yilin\Edinburgh\MSc project\codebase\Data\p2\user002 living art\20250311.pkl,21,45,0,2
D:\OneDrive\文档\Yilin\Edinburgh\MSc project\codebase\Data\p2\user002 living art\20250311.pkl,21,45,10,2
D:\OneDrive\文档\Yilin\Edinburgh\MSc project\codebase\Data\p2\user002 living art\20250311.pkl,21,45,20,2
D:\OneDrive\文档\Yilin\Edinburgh\MSc project\codebase\Data\p2\user002 living art\20250311.pkl,21,45,30,2
D:\OneDrive\文档\Yilin\Edinburgh\MSc project\codebase\Data\p2\user002 living art\20250311.pkl,21,45,40,2
D:\OneDrive\文档\Yilin\Edinburgh\MSc project\codebase\Data\p2\user002 living art\20250311.pkl,21,45,50,2
D:\OneDrive\文档\Yilin\Edinburgh\MSc project\codebase\Data\p2\user002 living art\20250311.pkl,21,46,0,2
D:\OneDrive\文档\Yilin\Edinburgh\MSc project\codebase\Data\p2\user002 living art\20250311.pkl,21,46,10,2
D:\OneDrive\文档\Yilin\Edinburgh\MSc project\codebase\Data\p2\user002 living art\20250311.pkl,21,46,20,2
D:\OneDrive\文档\Yilin\Edinburgh\MSc project\codebase\Data\p2\user002 living art\20250311.pkl,21,46,30,2
D:\OneDrive\文档\Yilin\Edinburgh\MSc project\codebase\Data\p2\user002 living art\20250311.pkl,21,46,40,2
D:\OneDrive\文档\Yilin\Edinburgh\MSc project\codebase\Data\p2\user002 living art\20250311.pkl,21,46,50,2
D:\OneDrive\文档\Yilin\Edinburgh\MSc project\codebase\Data\p2\user002 living art\20250311.pkl,21,47,0,2
D:\OneDrive\文档\Yilin\Edinburgh\MSc project\codebase\Data\p2\user002 living art\20250311.pkl,21,47,10,2
D:\OneDrive\文档\Yilin\Edinburgh\MSc project\codebase\Data\p2\user002 living art\20250311.pkl,21,47,20,2
D:\OneDrive\文档\Yilin\Edinburgh\MSc project\codebase\Data\p2\user002 living art\20250311.pkl,21,47,30,3
D:\OneDrive\文档\Yilin\Edinburgh\MSc project\codebase\Data\p2\user002 living art\20250311.pkl,21,47,40,3
D:\OneDrive\文档\Yilin\Edinburgh\MSc project\codebase\Data\p2\user002 living art\20250311.pkl,21,47,50,2
D:\OneDrive\文档\Yilin\Edinburgh\MSc project\codebase\Data\p2\user002 living art\20250311.pkl,21,48,0,2
D:\OneDrive\文档\Yilin\Edinburgh\MSc project\codebase\Data\p2\user002 living art\20250311.pkl,21,48,10,2
D:\OneDrive\文档\Yilin\Edinburgh\MSc project\codebase\Data\p2\user002 living art\20250311.pkl,21,48,20,2
D:\OneDrive\文档\Yilin\Edinburgh\MSc project\codebase\Data\p2\user002 living art\20250311.pkl,21,48,30,2
D:\OneDrive\文档\Yilin\Edinburgh\MSc project\codebase\Data\p2\user002 living art\20250311.pkl,21,48,40,2
D:\OneDrive\文档\Yilin\Edinburgh\MSc project\codebase\Data\p2\user002 living art\20250311.pkl,21,48,50,2
D:\OneDrive\文档\Yilin\Edinburgh\MSc project\codebase\Data\p2\user002 living art\20250311.pkl,21,49,0,2
D:\OneDrive\文档\Yilin\Edinburgh\MSc project\codebase\Data\p2\user002 living art\20250311.pkl,21,49,10,2
D:\OneDrive\文档\Yilin\Edinburgh\MSc project\codebase\Data\p2\user002 living art\20250311.pkl,21,49,20,3
D:\OneDrive\文档\Yilin\Edinburgh\MSc project\codebase\Data\p2\user002 living art\20250311.pkl,21,49,30,3
D:\OneDrive\文档\Yilin\Edinburgh\MSc project\codebase\Data\p2\user002 living art\20250311.pkl,21,49,40,3
D:\OneDrive\文档\Yilin\Edinburgh\MSc project\codebase\Data\p2\user002 living art\20250311.pkl,21,49,50,2
D:\OneDrive\文档\Yilin\Edinburgh\MSc project\codebase\Data\p2\user002 living art\20250311.pkl,21,50,0,2
D:\OneDrive\文档\Yilin\Edinburgh\MSc project\codebase\Data\p2\user002 living art\20250311.pkl,21,50,10,2
D:\OneDrive\文档\Yilin\Edinburgh\MSc project\codebase\Data\p2\user002 living art\20250311.pkl,21,50,20,2
D:\OneDrive\文档\Yilin\Edinburgh\MSc project\codebase\Data\p2\user002 living art\20250311.pkl,21,50,30,2
D:\OneDrive\文档\Yilin\Edinburgh\MSc project\codebase\Data\p2\user002 living art\20250311.pkl,21,50,40,2
D:\OneDrive\文档\Yilin\Edinburgh\MSc project\codebase\Data\p2\user002 living art\20250311.pkl,21,50,50,2
D:\OneDrive\文档\Yilin\Edinburgh\MSc project\codebase\Data\p2\user002 living art\20250311.pkl,21,51,0,2
D:\OneDrive\文档\Yilin\Edinburgh\MSc project\codebase\Data\p2\user002 living art\20250311.pkl,21,51,10,2
D:\OneDrive\文档\Yilin\Edinburgh\MSc project\codebase\Data\p2\user002 living art\20250311.pkl,21,51,20,2
D:\OneDrive\文档\Yilin\Edinburgh\MSc project\codebase\Data\p2\user002 living art\20250311.pkl,21,51,30,2
D:\OneDrive\文档\Yilin\Edinburgh\MSc project\codebase\Data\p2\user002 living art\20250311.pkl,21,51,40,3
D:\OneDrive\文档\Yilin\Edinburgh\MSc project\codebase\Data\p2\user002 living art\20250311.pkl,21,51,50,2
D:\OneDrive\文档\Yilin\Edinburgh\MSc project\codebase\Data\p2\user002 living art\20250311.pkl,21,52,0,2
D:\OneDrive\文档\Yilin\Edinburgh\MSc project\codebase\Data\p2\user002 living art\20250311.pkl,21,52,10,2
D:\OneDrive\文档\Yilin\Edinburgh\MSc project\codebase\Data\p2\user002 living art\20250311.pkl,21,52,20,2
D:\OneDrive\文档\Yilin\Edinburgh\MSc project\codebase\Data\p2\user002 living art\20250311.pkl,21,52,30,2
D:\OneDrive\文档\Yilin\Edinburgh\MSc project\codebase\Data\p2\user002 living art\20250311.pkl,21,52,40,2
D:\OneDrive\文档\Yilin\Edinburgh\MSc project\codebase\Data\p2\user002 living art\20250311.pkl,21,52,50,2
D:\OneDrive\文档\Yilin\Edinburgh\MSc project\codebase\Data\p2\user002 living art\20250311.pkl,21,53,0,2
D:\OneDrive\文档\Yilin\Edinburgh\MSc project\codebase\Data\p2\user002 living art\20250311.pkl,21,53,10,2
D:\OneDrive\文档\Yilin\Edinburgh\MSc project\codebase\Data\p2\user002 living art\20250311.pkl,21,53,20,2
D:\OneDrive\文档\Yilin\Edinburgh\MSc project\codebase\Data\p2\user002 living art\20250311.pkl,21,53,30,2
D:\OneDrive\文档\Yilin\Edinburgh\MSc project\codebase\Data\p2\user002 living art\20250311.pkl,21,53,40,2
D:\OneDrive\文档\Yilin\Edinburgh\MSc project\codebase\Data\p2\user002 living art\20250311.pkl,21,53,50,3
D:\OneDrive\文档\Yilin\Edinburgh\MSc project\codebase\Data\p2\user002 living art\20250311.pkl,21,54,0,3
D:\OneDrive\文档\Yilin\Edinburgh\MSc project\codebase\Data\p2\user002 living art\20250311.pkl,21,54,10,3
D:\OneDrive\文档\Yilin\Edinburgh\MSc project\codebase\Data\p2\user002 living art\20250311.pkl,21,54,20,2
D:\OneDrive\文档\Yilin\Edinburgh\MSc project\codebase\Data\p2\user002 living art\20250311.pkl,21,54,30,2
D:\OneDrive\文档\Yilin\Edinburgh\MSc project\codebase\Data\p2\user002 living art\20250311.pkl,21,54,40,2
D:\OneDrive\文档\Yilin\Edinburgh\MSc project\codebase\Data\p2\user002 living art\20250311.pkl,21,54,50,2
D:\OneDrive\文档\Yilin\Edinburgh\MSc project\codebase\Data\p2\user002 living art\20250311.pkl,21,55,0,1
D:\OneDrive\文档\Yilin\Edinburgh\MSc project\codebase\Data\p2\user002 living art\20250311.pkl,21,55,10,1
D:\OneDrive\文档\Yilin\Edinburgh\MSc project\codebase\Data\p2\user002 living art\20250311.pkl,21,55,20,2
D:\OneDrive\文档\Yilin\Edinburgh\MSc project\codebase\Data\p2\user002 living art\20250311.pkl,21,55,30,2
D:\OneDrive\文档\Yilin\Edinburgh\MSc project\codebase\Data\p2\user002 living art\20250311.pkl,21,55,40,2
D:\OneDrive\文档\Yilin\Edinburgh\MSc project\codebase\Data\p2\user002 living art\20250311.pkl,21,55,50,2
D:\OneDrive\文档\Yilin\Edinburgh\MSc project\codebase\Data\p2\user002 living art\20250311.pkl,21,56,0,1
D:\OneDrive\文档\Yilin\Edinburgh\MSc project\codebase\Data\p2\user002 living art\20250311.pkl,21,56,10,1
D:\OneDrive\文档\Yilin\Edinburgh\MSc project\codebase\Data\p2\user002 living art\20250311.pkl,21,56,20,1
D:\OneDrive\文档\Yilin\Edinburgh\MSc project\codebase\Data\p2\user002 living art\20250311.pkl,21,56,30,1
D:\OneDrive\文档\Yilin\Edinburgh\MSc project\codebase\Data\p2\user002 living art\20250311.pkl,21,56,40,2
D:\OneDrive\文档\Yilin\Edinburgh\MSc project\codebase\Data\p2\user002 living art\20250311.pkl,21,56,50,3
D:\OneDrive\文档\Yilin\Edinburgh\MSc project\codebase\Data\p2\user002 living art\20250311.pkl,21,57,0,3
D:\OneDrive\文档\Yilin\Edinburgh\MSc project\codebase\Data\p2\user002 living art\20250311.pkl,21,57,10,2
D:\OneDrive\文档\Yilin\Edinburgh\MSc project\codebase\Data\p2\user002 living art\20250311.pkl,21,57,20,2
D:\OneDrive\文档\Yilin\Edinburgh\MSc project\codebase\Data\p2\user002 living art\20250311.pkl,21,57,30,2
D:\OneDrive\文档\Yilin\Edinburgh\MSc project\codebase\Data\p2\user002 living art\20250311.pkl,21,57,40,2
D:\OneDrive\文档\Yilin\Edinburgh\MSc project\codebase\Data\p2\user002 living art\20250311.pkl,21,57,50,2
D:\OneDrive\文档\Yilin\Edinburgh\MSc project\codebase\Data\p2\user002 living art\20250311.pkl,21,58,0,2
D:\OneDrive\文档\Yilin\Edinburgh\MSc project\codebase\Data\p2\user002 living art\20250311.pkl,21,58,10,2
D:\OneDrive\文档\Yilin\Edinburgh\MSc project\codebase\Data\p2\user002 living art\20250311.pkl,21,58,20,2
D:\OneDrive\文档\Yilin\Edinburgh\MSc project\codebase\Data\p2\user002 living art\20250311.pkl,21,58,30,2
D:\OneDrive\文档\Yilin\Edinburgh\MSc project\codebase\Data\p2\user002 living art\20250311.pkl,21,58,40,2
D:\OneDrive\文档\Yilin\Edinburgh\MSc project\codebase\Data\p2\user002 living art\20250311.pkl,21,58,50,2
D:\OneDrive\文档\Yilin\Edinburgh\MSc project\codebase\Data\p2\user002 living art\20250311.pkl,21,59,0,2
D:\OneDrive\文档\Yilin\Edinburgh\MSc project\codebase\Data\p2\user002 living art\20250311.pkl,21,59,10,2
D:\OneDrive\文档\Yilin\Edinburgh\MSc project\codebase\Data\p2\user002 living art\20250311.pkl,21,59,20,2
D:\OneDrive\文档\Yilin\Edinburgh\MSc project\codebase\Data\p2\user002 living art\20250311.pkl,21,59,30,2
D:\OneDrive\文档\Yilin\Edinburgh\MSc project\codebase\Data\p2\user002 living art\20250311.pkl,21,59,40,2
D:\OneDrive\文档\Yilin\Edinburgh\MSc project\codebase\Data\p2\user002 living art\20250311.pkl,21,59,50,2
